IUPAC_Name,PubChem_CID
2-(4-methylcyclohex-3-en-1-yl)propan-2-ol,17100
"1-[(1R,7R)-4-methylidene-7-propan-2-yl-1,2,3,3a,5,6,7,7a-octahydroinden-1-yl]ethanone",6429350
5-octyloxolan-2-one,16821
"2,3,3-trimethylpenta-1,4-diene",136569
"2,6-ditert-butyl-4-hydroxy-4-methylcyclohexa-2,5-dien-1-one",146102
N-propylhexan-1-amine,29996
2-ethylhexan-1-ol,7720
2-but-3-enoxycarbonylbenzoic acid,13596727
"2-[(2,4,4,6,6,8,8-heptamethyl-1,3,5,7,2,4,6,8-tetraoxatetrasilocan-2-yl)oxy]-2,4,4,6,6,8,8,10,10-nonamethyl-1,3,5,7,9,2,4,6,8,10-pentaoxapentasilecane",551986
"[2,2,4-trimethyl-3-(2-methylpropanoyloxy)pentyl] 2-methylpropanoate",23284
"1-(2,4-dimethylphenyl)-2,4-dimethylbenzene",520958
"E)-3-(2,4-dimethoxyphenyl)-1-(2-hydroxyphenyl)prop-2-en-1-one",6041429
bis[[(3-ethylphenoxy)-dimethylsilyl]oxy]-dimethylsilane,91742720
bis(2-ethylhexyl) (E)-but-2-enedioate,5370325
2-(hydroxymethyl)-2-methylpyrrolidine-1-carbaldehyde,574439
2-benzyl-1-morpholin-4-yl-3-phenylpropan-2-ol,567717
"(E)-3-(2,2,6-trimethyl-7-oxabicyclo[4.1.0]heptan-1-yl)prop-2-enal",5370158
2-ethylhexyl 3-(4-methoxyphenyl)prop-2-enoate,21630
"3-ethyl-3-[4-(hydroxyamino)phenyl]piperidine-2,6-dione",137353
"(5-oxooxolan-2-yl)methyl 3,5-dinitrobenzoate",558880
"3,5-ditert-butyl-4-hydroxybenzaldehyde",73219
"3,6,6-trimethylcyclohex-2-en-1-one",141033
(4-trimethylsilyloxybenzoyl) 4-trimethylsilyloxybenzoate,91731726
5H-cyclopenta[b]pyridine,575987
1-phenylethanone,7410
1-O-butyl 6-O-propan-2-yl hexanedioate,91713521
2-hydroxy-2-phenylpropanoic acid,1303
azulene,9231
benzaldehyde,240
"1,3,5-triethylbenzene",7602
1-ethyl-4-methylbenzene,12160
2-phenylacetaldehyde,998
2-phenylpropan-2-ol,12053
1-phenylpropan-1-ol,7147
(1R)-1-phenylethanol,637516
2-methylbutyl benzoate,103653
ethyl 4-ethoxybenzoate,90232
diphenylmethanone,3102
"1,3-benzothiazole",7222
phenylmethanol,244
"bis(2-ethylhexyl) benzene-1,2-dicarboxylate",8343
bis(2-ethylhexyl) carbonate,85781
cyclododecane,9268
"2,2,4,4,6,6,8,8,10,10,12,12,14,14-tetradecamethyl-1,3,5,7,9,11,13-heptaoxa-2,4,6,8,10,12,14-heptasilacyclotetradecane",7874
"2,2,4,4,6,6,8,8,10,10,12,12,14,14,16,16,18,18-octadecamethyl-1,3,5,7,9,11,13,15,17-nonaoxa-2,4,6,8,10,12,14,16,18-nonasilacyclooctadecane",11172
"2,2,4,4,6,6,8,8,10,10,12,12,14,14,16,16-hexadecamethyl-1,3,5,7,9,11,13,15-octaoxa-2,4,6,8,10,12,14,16-octasilacyclohexadecane",11170
"2,2,4,4,6,6,8,8-octamethyl-1,3,5,7,2,4,6,8-tetraoxatetrasilocane",11169
"2,2,4,4,6,6-hexamethyl-1,3,5,2,4,6-trioxatrisilinane",10914
decane,15600
4-methyldecane,17835
dodecanal,8194
dodecyl prop-2-enoate,75084
2-butoxyethanol,8133
2-phenoxyethanol,31236
2-phenoxyethyl acetate,22568
1-(3-acetylphenyl)ethanone,23229
ethylbenzene,7500
"1,3,3-trimethyl-2-oxabicyclo[2.2.2]octane",2758
2-pentylfuran,19602
(2S)-5-amino-2-(methylamino)-5-oxopentanoic acid,160669
"2,6,10,15-tetramethylheptadecane",41209
4-ethylheptane,16663
hexadecane,11006
"3,7-dimethyloct-7-en-3-ol",557859
methyl 2-hydroxybenzoate,4133
N-methyl-N-[2-(methylamino)ethyl]benzamide,13544681
5-ethyl-2-methyloctane,537332
methyl (Z)-N-hydroxybenzenecarboximidate,9602988
4-methylphenol,2879
methyl 14-methylpentadecanoate,21205
2-methoxyphenol,460
"4-(2,4,4-trimethylpentan-2-yl)phenol",8814
trimethyl-[2-trimethylsilyloxy-1-(4-trimethylsilyloxyphenyl)ethoxy]silane,622436
4-O-[2-(2-chlorophenoxy)ethyl] 1-O-ethyl butanedioate,91726212
4-methyl-1-propan-2-ylcyclohex-3-en-1-ol,11230
tridecane,12388
tris(2-methylpropyl) phosphate,31355
undecane,14257
